,1,2,3,4,5,6,7,8,9,10
0,"Lamperouge, Lelouch",C.C.,"Stadtfeld, Kallen","Kururugi, Suzaku","Gottwald, Jeremiah","Fenette, Shirley","Asplund, Lloyd","li Britannia, Euphemia","Lamperouge, Nunnally","li Britannia, Cornelia"
1,"Lawliet, L","Yagami, Light",Ryuk,"River, Nate","Amane, Misa","Keehl, Mihael","Jeevas, Mail","Matsuda, Touta","Mikami, Teru",Rem
2,"Monkey D., Luffy","Roronoa, Zoro",Sanji,"Nico, Robin",Nami,"Tony Tony, Chopper",Usopp,Brook,Franky,"Trafalgar, Law"
3,"Ackerman, Mikasa","Yeager, Eren","Arlert, Armin",Levi,"Smith, Erwin","Blouse, Sasha","Leonhart, Annie","Kirstein, Jean","Lenz, Krista","Lamperouge, Lelouch"
4,"Uzumaki, Naruto","Hatake, Kakashi","Uchiha, Sasuke","Haruno, Sakura","Uchiha, Itachi",Gaara,"Nara, Shikamaru","Hyuuga, Hinata",Jiraiya,"Namikaze, Minato"
5,"Sakata, Gintoki",Kagura,"Shimura, Shinpachi","Hijikata, Toushirou","Katsura, Kotarou","Okita, Sougo","Hasegawa, Taizou",Tsukuyo,"Takasugi, Shinsuke",Kamui
6,"Zoldyck, Killua","Freecss, Gon",Kurapika,"Paladiknight, Leorio","Morow, Hisoka","Lucilfer, Chrollo","Netero, Isaac","Pohtoh, Feitan",Kite,"Freecss, Ging"
7,"Kirigaya, Kazuto","Yuuki, Asuna","Kirigaya, Suguha",Yui,"Ayano, Keiko","Tsuboi, Ryoutarou","Shinozaki, Rika",Sachi,"Kayaba, Akihiko","Mills, Andrew Gilbert"
8,"Hikigaya, Hachiman","Yukinoshita, Yukino","Yuigahama, Yui","Totsuka, Saika","Hikigaya, Komachi","Hiratsuka, Shizuka","Yukinoshita, Haruno","Kawasaki, Saki","Zaimokuza, Yoshiteru","Hayama, Hayato"
9,Guts,Casca,Puck,Isidro,Griffith,Schierke,The Skull Knight,Judeau,Serpico,"Nosferatu, Zodd"
10,Emilia,"Natsuki, Subaru",Rem,"Argyle, Felix",Ram,Beatrice,Pack,"Karsten, Crusch","van Astrea, Wilhelm","Lamperouge, Lelouch"
11,"Kaneki, Ken","Kirishima, Touka","Suzuya, Juuzou",Uta,"Tsukiyama, Shuu","Nagachika, Hideyoshi",Eto,"Arima, Kishou ","Kamishiro, Rize","Kirishima, Ayato"
12,Saitama,Genos,Mumen Rider,Tatsumaki,Fubuki,King,Metal Bat,Puripuri Prisoner,Boros,"Lamperouge, Lelouch"
13,"Spiegel, Spike","Wong Hau Pepelu Tivrusky IV, Edward","Valentine, Faye","Black, Jet",Ein,Vicious,"Eckener, Grencia Mars Elijah Guo",Julia,"Von de Oniyate, Andy",Mad Pierrot
14,Yato,Yukine,"Iki, Hiyori",Bishamon,Kofuku,Kazuma,Nora,Daikoku,Rabou,Kuraha
15,"Gasai, Yuno","Amano, Yukiteru","Uryuu, Minene","Akise, Aru","Hirasaka, Yomotsu",Deus Ex Machina,"Kasugano, Tsubaki",Mur Mur,"Houjou, Reisuke","Ikusaba, Marco"
16,"Senjougahara, Hitagi","Araragi, Koyomi","Hanekawa, Tsubasa","Hachikuji, Mayoi","Kanbaru, Suruga","Sengoku, Nadeko","Oshino, Shinobu","Oshino, Meme","Araragi, Karen","Araragi, Tsukihi"
17,"Aisaka, Taiga","Takasu, Ryuuji","Kushieda, Minori","Kawashima, Ami","Kitamura, Yuusaku",Inko,"Takasu, Yasuko","Kanou, Sumire","Haruta, Kouji","Koigakubo, Yuri"
18,Kamina,Simon,"Littner, Yoko","Teppelin, Nia",Viral,"Bachika, Kittan",Boota,Lordgenome,"Littner, Leeron","Adai, Rossiu"
19,Saber,"Toosaka, Rin",Archer,"Emiya, Shirou","Emiya, Kiritsugu",Gilgamesh,"von Einzbern, Illyasviel","Kotomine, Kirei",Lancer,"Matou, Sakura"
20,Holo,"Lawrence, Kraft","Arendt, Norah",Chloe,"Liechten, Marhait",Zheren,"Liebert, Marten",Weiss,"Remerio, Hans","Tarantino, Jacob"
21,"Orihara, Izaya","Heiwajima, Shizuo","Sturluson, Celty","Kida, Masaomi","Ryuugamine, Mikado","Sonohara, Anri","Dian, Isaac","Harvent, Miria","Kishitani, Shinra","Brezhnev, Semyon"
22,"Kurosaki, Ichigo","Kuchiki, Rukia","Abarai, Renji","Inoue, Orihime","Ishida, Uryuu","Sado, Yasutora","Zaraki, Kenpachi","Hitsugaya, Toushirou","Cifer, Ulquiorra","Urahara, Kisuke"
23,"Elric, Edward","Elric, Alphonse","Mustang, Roy","Hughes, Maes",Greed,"Hawkeye, Riza","Yao, Ling","Armstrong, Alex Louis","Rockbell, Winry",Envy
24,"Dragneel, Natsu","Scarlet, Erza","Fullbuster, Gray","Heartfilia, Lucy",Happy,"Marvell, Wendy","Lockser, Juvia","Dreyar, Laxus","Fernandes, Jellal","Lamperouge, Lelouch"
25,"Oshino, Shinobu","Araragi, Koyomi","Hanekawa, Tsubasa","Oshino, Meme",Episode,Guillotinecutter,Dramaturgie,"Lamperouge, Lelouch","Lawliet, L","Monkey D., Luffy"
26,"Michaelis, Sebastian","Phantomhive, Ciel","Sutcliff, Grell",Undertaker,Finnian,"Midford, Elizabeth","Spears, William T.","Cainz, Drocell","Durless, Angelina","Lamperouge, Lelouch"
27,Megumin,"Satou, Kazuma",Aqua,"Dustiness Ford, Lalatina",Wiz,Eris,Chris,Luna,Beldia,Arakuremono
28,"Onizuka, Eikichi","Kanzaki, Urumi","Kikuchi, Yoshito","Uchiyamada, Hiroshi","Nomura, Tomoko","Fuyutsuki, Azusa","Yoshikawa, Noboru","Murai, Kunio","Aizawa, Miyabi","Danma, Ryuuji"
29,"Akemi, Homura","Kaname, Madoka","Sakura, Kyouko","Tomoe, Mami","Miki, Sayaka",Kyuubey,Charlotte,"Kaname, Junko","Shizuki, Hitomi",Walpurgis Night
30,"Izumi, Konata","Hiiragi, Kagami","Hiiragi, Tsukasa","Takara, Miyuki","Kogami, Akira","Kusakabe, Misao","Shiraishi, Minoru","Iwasaki, Minami","Anizawa, Meito","Tamura, Hiyori"
31,"Son, Gokuu",Vegeta,"Son, Gohan",Piccolo,Kuririn,Trunks,Future Trunks,Bulma,"Son, Goten","Lamperouge, Lelouch"
32,"Midoriya, Izuku","Bakugou, Katsuki",All Might,"Uraraka, Ochako","Iida, Tenya","Todoroki, Shouto","Asui, Tsuyu","Aizawa, Shouta","Kirishima, Eijirou","Tokoyami, Fumikage"
33,Hei,Yin,Mao,"Kirihara, Misaki",Huang,Amber,11-Nov,July,Havoc,"Kurasawa, Gai"
34,"Miyazono, Kaori","Arima, Kousei","Sawabe, Tsubaki","Watari, Ryouta","Igawa, Emi","Seto, Koharu","Aiza, Nagi","Aiza, Takeshi","Seto, Hiroko","Kashiwagi, Nao"
35,"Souryuu, Asuka Langley","Ayanami, Rei","Ikari, Shinji","Katsuragi, Misato","Nagisa, Kaworu","Ikari, Gendou",Pen Pen,"Kaji, Ryouji","Akagi, Ritsuko","Suzuhara, Touji"
36,"Usui, Takumi","Ayuzawa, Misaki","Hyoudou, Aoi","Shintani, Hinata","Ayuzawa, Suzuna","Igarashi, Tora","Kanou, Soutarou","Yukimura, Shouichirou","Hyoudou, Satsuki","Hanazono, Sakura"
37,"Takanashi, Rikka","Dekomori, Sanae","Togashi, Yuuta","Nibutani, Shinka","Tsuyuri, Kumin","Takanashi, Tooka","Isshiki, Makoto","Togashi, Kuzuha","Togashi, Yumeha","Kannagi, Kazari"
38,"Oreki, Houtarou","Chitanda, Eru","Fukube, Satoshi","Ibara, Mayaka","Irisu, Fuyumi","Oreki, Tomoe","Sawakiguchi, Misaki","Juumonji, Kaho","Toogaito, Masashi","Kugayama, Muneyoshi"
39,Zero Two,Ichigo,Hiro,Gorou,Kokoro,Miku,Mitsuru,Zorome,Ikuno,Futoshi
40,Revy,"Okajima, Rokurou",Dutch,Benny,Balalaika,Roberta,Eda,Shenhua,Leigharch,"Lamperouge, Lelouch"
41,"Shiina, Mashiro","Aoyama, Nanami","Kanda, Sorata","Akasaka, Ryuunosuke","Kamiigusa, Misaki","Mitaka, Jin","Ainsworth, Rita","Kanda, Yuuko","Sengoku, Chihiro","Lamperouge, Lelouch"
42,Sora,Shiro,"Dola, Stephanie",Jibril,"Hatsuse, Izuna",Teto,"Zell, Chlammy",Miko,"Nilvalen, Feel",Former King
43,Lucy,Nana,Kouta,Mayu,Yuka,"Kurama, Mariko",Bando,Kurama,Number 3,Kanae
44,"Himura, Kenshin","Sagara, Sanosuke","Kamiya, Kaoru","Myoujin, Yahiko","Saitou, Hajime","Shishio, Makoto","Seta, Soujirou","Hiko, Seijuurou","Shinomori, Aoshi","Makimachi, Misao"
45,"Yukihira, Souma","Nakiri, Erina","Tadokoro, Megumi","Nakiri, Alice","Isshiki, Satoshi","Kurokiba, Ryou","Mito, Ikumi","Yukihira, Jouichirou","Aldini, Takumi","Hayama, Akira"
46,"Kirisaki, Chitoge","Onodera, Kosaki","Ichijou, Raku","Tsugumi, Seishirou","Tachibana, Marika","Maiko, Shuu","Miyamoto, Ruri","Sasaki, Ryuunosuke","Onodera, Nanako","Ringheart, Claude"
47,"Tachibana, Kanade","Nakamura, Yuri",Yui,"Otonashi, Yuzuru","Hinata, Hideki",T.K.,"Iwasawa, Masami",Shiina,"Naoi, Ayato",Noda
48,"Gremory, Rias","Hyoudou, Issei","Himejima, Akeno","Toujou, Koneko","Argento, Asia","Kiba, Yuuto","Phenex, Ravel","Lucifer, Sirzechs",Ddraig,Raynare
49,Vash the Stampede,"Wolfwood, Nicholas D.","Thompson, Milly","Stryfe, Meryl","Bluesummers, Legato",Kuroneko,"Millions, Knives","Saverem, Rem","the Hornfreak, Midvalley","the Beast, Zazie"
50,"Misaka, Mikoto","Kamijou, Touma",Librorum Prohibitorum Index,Accelerator,MISAKA 10032,"Kanzaki, Kaori","Tsuchimikado, Motoharu","Magnus, Stiyl","Tsukuyomi, Komoe","Himegami, Aisa"
51,Ginko,"Karibusa, Tanyuu",Nui,Adashino,Narrator,Sui,Maho,"Ioroi, Shinra",Koro,Amane
52,"Walker, Allen",Lavi,"Kanda, Yuu","Lee, Lenalee","Mikk, Tyki","Kamelot, Road","Marian, Cross","Lee, Komui","Crowley III, Aleister",Millenium Earl
53,"Yatogami, Tooka",Yoshino,"Tobiichi, Origami","Itsuka, Kotori","Itsuka, Shidou","Tokisaki, Kurumi","Murasame, Reine","Takamiya, Mana","Fujibakama, Mii","Kannazuki, Kyouhei"
54,"Reigen, Arataka","Kageyama, Shigeo",Ekubo,"Hanazawa, Teruki","Kageyama, Ritsu","Gouda, Musashi","Suzuki, Shou","Kurata, Tome","Onigawara, Tenga","Mezato, Ichi"
55,"Okazaki, Tomoya","Furukawa, Nagisa","Sakagami, Tomoyo","Fujibayashi, Kyou","Ibuki, Fuuko","Ichinose, Kotomi","Sunohara, Youhei","Fujibayashi, Ryou","Furukawa, Akio","Furukawa, Sanae"
56,"Okumura, Rin","Okumura, Yukio","Pheles, Mephisto",Amaimon,Kuro,"Kirigakure, Shura","Moriyama, Shiemi","Fujimoto, Shirou","Shima, Renzou","Suguro, Ryuuji"
57,"Akabane, Karma","Shiota, Nagisa","Kayano, Kaede","Karasuma, Tadaomi","Asano, Gakushuu",Ritsu,"Horibe, Itona","Nakamura, Rio","Lamperouge, Lelouch","Lawliet, L"
58,"Nishimiya, Shouko","Ishida, Shouya","Nishimiya, Yuzuru","Ueno, Naoka","Nagatsuka, Tomohiro",Pedro,"Sahara, Miyoko","Ishida, Maria","Ishida, Miyako","Mashiba, Satoshi"
59,"Matoi, Ryuuko","Kiryuuin, Satsuki","Mankanshoku, Mako",Senketsu,"Jakuzure, Nonon","Harime, Nui","Gamagoori, Ira","Mikisugi, Aikurou","Sanageyama, Uzu","Kiryuuin, Ragyou"
60,Mugen,Jin,"Kasumi, Fuu",Sara,"Imano, Yatsuha","Sakami, Manzou","Kariya, Kagetoki",Shinpachi,"Sakonshougen, Nagamitsu",Bundai
61,"Dazai, Osamu","Nakajima, Atsushi","Nakahara, Chuuya","Edogawa, Ranpo","Akutagawa, Ryuunosuke","Izumi, Kyouka","Kunikida, Doppo","Yosano, Akiko","Miyazawa, Kenji","Montgomery, Lucy Maud"
62,Saber,"Emiya, Kiritsugu",Gilgamesh,"Kotomine, Kirei","von Einzbern, Irisviel","Toosaka, Rin",Rider,"von Einzbern, Illyasviel","Matou, Sakura",Lancer
63,"Yuzuriha, Inori","Ouma, Shuu","Tsutsugami, Gai","Shinomiya, Ayase",Tsugumi,"Menjou, Hare","Yan, Daryl","Segai, Makoto Waltz","Ouma, Mana","Kido, Kenji"
64,"Akiyama, Mio","Hirasawa, Yui","Nakano, Azusa","Kotobuki, Tsumugi","Tainaka, Ritsu","Hirasawa, Ui","Yamanaka, Sawako","Manabe, Nodoka","Suzuki, Jun","Tainaka, Satoshi"
65,Death the Kid,"Evans, Soul Eater","Albarn, Maka","Nakatsukasa, Tsubaki","Thompson, Patricia","Thompson, Elizabeth","Stein, Franken",Crona,Excalibur,"Lamperouge, Lelouch"
66,"Kuroko, Tetsuya","Kagami, Taiga","Aomine, Daiki","Akashi, Seijuurou","Kise, Ryouta","Midorima, Shintarou","Murasakibara, Atsushi","Kiyoshi, Teppei","Takao, Kazunari","Momoi, Satsuki"
67,"Kiryuu, Zero","Kuran, Kaname","Cross, Yuuki","Aidou, Hanabusa","Shiki, Senri","Tooya, Rima","Ichijou, Takuma","Cross, Kaien","Kiryuu, Ichiru","Kain, Akatsuki"
68,"Evergarden, Violet","Bougainvillea, Gilbert","Marlborough, Luculia","Blue, Benedict","Baudelaire, Cattleya","Stephanotis, Leon","Hodgins, Claudia","Abelfreyja Drossel, Charlotte","Bougainvillea, Dietfried","Brown, Erica"
69,Ban,Meliodas,King,"Liones, Elizabeth",Hawk,Diane,Gowther,Merlin,Elaine,Gilthunder
70,"Inaba, Himeko","Nagase, Iori","Yaegashi, Taichi","Kiriyama, Yui","Aoki, Yoshifumi",Fuusenkazura,"Yaegashi, Rina","Fujishima, Maiko","Gotou, Ryuuzen","Inaba, Brother"
71,Shana,"Sakai, Yuuji","Yoshida, Kazumi","Carmel, Wilhelmina",Hecate,"Daw, Margery","Nbh&#039;w, Khamsin",Alastor,Marchosias,"Satou, Keisaku"
72,"Liebert, Johan","Tenma, Kenzou","Liebert, Anna","Grimmer, Wolfgang","Lunge, Heinrich","Heinemann, Eva",Dieter,"Reest, Martin","Reichwein, Julius",Roberto
73,"Kougami, Shinya","Makishima, Shougo","Tsunemori, Akane","Ginoza, Nobuchika","Kagari, Shuusei","Masaoka, Tomomi","Kunizuka, Yayoi","Saiga, Jouji","Karanomori, Shion",Dominator
74,Akame,Mine,Tatsumi,Leone,Esdeath,Lubbock,Chelsea,Bulat,Kurome,Sheele
75,"Katsuragi, Keima","de Lute Ima, Elucia","Shiomiya, Shiori","Kosaka, Chihiro","Nakagawa, Kanon","Takahara, Ayumi","Nikaido, Yuri","Aoyama, Mio","Katsuragi, Mari","Kodama, Ichirou"
76,"Hinata, Shouyou","Kageyama, Tobio","Nishinoya, Yuu","Oikawa, Tooru","Tsukishima, Kei","Kuroo, Tetsurou","Kozume, Kenma","Sugawara, Koushi","Tanaka, Ryuunosuke","Yamaguchi, Tadashi"
77,"Sakurajima, Mai","Azusagawa, Sakuta","Koga, Tomoe","Azusagawa, Kaede","Futaba, Rio","Makinohara, Shouko","Toyohama, Nodoka","Kunimi, Yuuma","Kamisato, Saki","Hanawa, Ryouko"
78,Tomoe,"Momozono, Nanami",Mizuki,"Kurama, Shinjirou",Akuraou,Mikage,"Mouri, Kirihito",Numa no Himemiko,Kotetsu,Sukuna
79,"Ryougi, Shiki","Aozaki, Touko","Kokutou, Mikiya","Fujou, Kirie","Kokutou, Azaka","Lamperouge, Lelouch","Lawliet, L","Monkey D., Luffy","Elric, Edward","Yagami, Light"
80,"Shiba, Tatsuya","Shiba, Miyuki","Saegusa, Mayumi","Chiba, Erika","Kitayama, Shizuku","Ichijou, Masaki","Shibata, Mizuki","Mitsui, Honoka","Watanabe, Mari","Yoshida, Mikihiko"
81,Momonga,Albedo,"Bloodfallen, Shalltear","Gamma, Narberal",Sebas Tian,Demiurge,"Zeta, Entoma Vasilissa",Pandora&amp;#039;s Actor,Shizu Delta,Clementine
82,"Kuroki, Tomoko","Kuroki, Tomoki","Naruse, Yuu","Imae, Megumi","Nemoto, Hina","Satozaki, Kiko",Hatsushiba,"Kuroki, Father","Kuroki, Mother",Kosaka
83,"Degurechaff, Tanya","Serebryakova, Viktoriya Ivanovna","von Zettour, Hans","von Rerugen, Erich","von Rudersdorf, Kurt","von Schugel, Adelheid","Sioux, Mary",Existence X,"Sioux, Anson","Weiss, Matheus Johann"
84,"Kamui, Kanna",Tooru,Kobayashi,Quetzalcoatl,Elma,Fafnir,"Saikawa, Riko","Magatsuchi, Shouta","Takiya, Makoto",Bandit Girl
85,"Sawada, Tsunayoshi","Hibari, Kyouya","Gokudera, Hayato","Rokudou, Mukuro","Yamamoto, Takeshi",Reborn,Lambo,"Dokuro, Chrome","Sasagawa, Ryouhei",Fran
86,"Kuriyama, Mirai","Kanbara, Akihito","Nase, Hiroomi","Nase, Mitsuki","Lamperouge, Lelouch","Lawliet, L","Monkey D., Luffy","Elric, Edward","Yagami, Light",
87,"Iwakura, Lain","Mizuki, Arisu","Eiri, Masami","Iwakura, Yasuo",Karl,"Iwakura, Mika","Yomoda, Chisa",Taro,Detective,J.J
88,"Ayanokouji, Kiyotaka","Horikita, Suzune","Kushida, Kikyou","Lamperouge, Lelouch","Lawliet, L","Monkey D., Luffy","Elric, Edward","Yagami, Light",,
89,"Kinomoto, Sakura","Li, Shaoran","Daidouji, Tomoyo",Keroberos,Yue,"Kinomoto, Touya","Tsukishiro, Yukito","Hiiragizawa, Eriol","Li, Meiling","Reed, Clow"
90,"Gokou, Ruri","Kousaka, Kyousuke","Kousaka, Kirino","Aragaki, Ayase","Tamura, Manami","Makishima, Saori","Kurusu, Kanako","Akagi, Sena","Kousaka, Daisuke","Kousaka, Yoshino"
91,"Osaki, Nana","Komatsu, Nana","Okazaki, Shinichi","Terashima, Nobuo","Takagi, Yasushi","Honjou, Ren","Ichinose, Takumi","Serizawa, Layla","Saotome, Junko","Shinoda, Miu"
92,"Nishikino, Maki","Yazawa, Niko","Toujou, Nozomi","Minami, Kotori","Sonoda, Umi","Kousaka, Honoka","Ayase, Eri","Hoshizora, Rin","Koizumi, Hanayo","Lamperouge, Lelouch"
93,"Harima, Kenji","Sawachika, Eri","Tsukamoto, Yakumo","Tsukamoto, Tenma","Takano, Akira","Karasuma, Ouji","Suou, Mikoto","Imadori, Kyousuke","Hanai, Haruki","Ichijou, Karen"
94,Inuyasha,"Higurashi, Kagome",Sango,Miroku,Shippo,Sesshoumaru,Kikyou,Kouga,Naraku,Rin
95,"Misaki, Mei","Sakakibara, Kouichi","Akazawa, Izumi","Teshigawara, Naoya","Mochizuki, Yuuya","Fujioka, Misaki","Chibiki, Tatsuji","Sakuragi, Yukari","Kazami, Tomohiko","Mikami, Reiko"
96,"Tomori, Nao","Otosaka, Yuu","Otosaka, Ayumi","Kurobane, Yusa","Takajou, Joujirou","Otosaka, Shunsuke","Kurobane, Misa","Shane, Sara","Kumagami, Takehito",Maedomari
97,"Saiki, Kusuo","Kaidou, Shun","Nendou, Riki","Teruhashi, Kokomi","Kuboyasu, Aren","Hairo, Kineshi","Saiki, Kurumi","Saiki, Kuusuke",Anpu,"Toritsuka, Reita"
98,"Sagara, Sousuke","Chidori, Kaname","Testarossa, Teletha","Weber, Kurz","Mao, Melissa",Gauron,"Kalinin, Andrei Sergeivich","Tokiwa, Kyouko",AL,"Kazama, Shinji"
99,"Haruhara, Haruko","Samejima, Mamimi","Nandaba, Naota",Canti,"Ninamori, Eri",Amarao,Takkun,Kitsurubami,"Nandaba, Kamon",Miyu Miyu
100,"Kuronuma, Sawako","Kazehaya, Shouta","Sanada, Ryuu","Yoshida, Chizuru","Yano, Ayane","Arai, Kazuichi","Kurumizawa, Ume",Maru,"Sanada, Tooru","Jounouchi, Souichi"
101,"von Lohengramm, Reinhard","von Reuenthal, Oskar","von Oberstein, Paul","Kircheis, Siegfried","Mittermeyer, Wolfgang","von Sch&amp;ouml;nkopf, Walter","Minci, Julian","Attenborough, Dusty","von Mariendorf, Hildegard","Lamperouge, Lelouch"
102,"Edogawa, Conan","Haibara, Ai","Mouri, Ran","Mouri, Kogorou","Agasa, Hiroshi","Yoshida, Ayumi","Tsuburaya, Mitsuhiko","Kojima, Genta","Kuroba, Kaito","Akai, Shuuichi"
103,"Katou, Megumi","Kasumigaoka, Utaha","Sawamura, Eriri Spencer","Aki, Tomoya","Hyoudou, Michiru","Hashima, Izumi","Kamigou, Yoshihiko","Hashima, Iori","Satomi, Azusa","Mizuhara, Echika"
104,"Nikiforov, Victor","Plisetsky, Yuri","Katsuki, Yuuri","Chulanont, Phichit","Altin, Otabek","Minami, Kenjirou","Giacometti, Christophe","Lamperouge, Lelouch","Lawliet, L","Monkey D., Luffy"
105,"Tsukiyomi, Ikuto","Hinamori, Amu","Hoshina, Utau","Souma, Kuukai","Fujisaki, Nagihiko","Hotori, Tadase",Miki,"Mashiro, Rima",Suu,Ran
106,"Ichihara, Yuuko","Watanuki, Kimihiro","Doumeki, Shizuka","Kunogi, Himawari","Modoki, Mokona","Modoki, Mokona",Mugetsu,Maru,"Lamperouge, Lelouch","Lawliet, L"
107,Shiro,"Igarashi, Ganta","Senji, Kiyomasa","Sakigami, Toto","Takami, Minatsuki","Azuma, Genkaku","Kengamine, Nagi","Takami, You","Koshio, Karako","Lamperouge, Lelouch"
108,"Miyamizu, Mitsuha","Tachibana, Taki","Yukino, Yukari","Okudera, Miki","Miyamizu, Yotsuha","Miyamizu, Hitoha","Teshigawara, Katsuhiko","Fujii, Tsukasa","Natori, Sayaka","Takagi, Shinta"
109,"Busujima, Saeko","Komuro, Takashi","Hirano, Kouta","Miyamoto, Rei","Takagi, Saya","Marikawa, Shizuka","Maresato, Alice","Minami, Rika","Igou, Hisashi","Shidou, Koichi"
110,Yona,"Son, Hak",Yun,Zeno,Ao,Ao,"Lamperouge, Lelouch","Lawliet, L","Monkey D., Luffy","Elric, Edward"
111,"Mogami, Kyouko","Tsuruga, Ren","Fuwa, Shoutarou","Yashiro, Yukihito","Kotonami, Kanae",Reino,"Takarada, Lory","Takarada, Maria","Ogata, Hiroaki","Sawara, Takenori"
112,"Itou, Kaiji","Tonegawa, Yukio","Hyoudou, Kazutaka",Narrator,"Ishida, Kouji","Endou, Yuuji","Andou, Mamoru","Sahara, Makoto","Funai, Jouji",Kitami
113,"Break, Xerxes","Nightray, Gilbert",Alice,"Vessalius, Oz","Rainsworth, Sharon","Nightray, Elliot","Nightray, Vincent","Vessalius, Jack",Will of the Abyss,Cheshire Cat
114,"Hiraga, Saito",Derflinger,"de Tristain, Henrietta",Siesta,"de Gramont, Guiche",Osmond,"Colbert, Jean","Lamperouge, Lelouch","Lawliet, L","Monkey D., Luffy"
115,Regu,Riko,Nanachi,Ouzen,Bondrewd,Mitty,Lyza,Maruruk,Jiruo,Kiwi
116,"Makunouchi, Ippo","Takamura, Mamoru","Aoki, Masaru","Kamogawa, Genji","Kimura, Tatsuya","Sendo, Takeshi","Zangief, Alexander Volg","Miyata, Ichirou","Mashiba, Ryo","Date, Eiji"
117,"Souma, Kyou","Honda, Tooru","Souma, Yuki","Souma, Shigure","Souma, Hatsuharu","Souma, Momiji","Souma, Ayame","Souma, Hatori","Souma, Kisa","Souma, Akito"
118,"Ryuuguu, Rena","Furude, Rika","Sonozaki, Shion","Sonozaki, Mion","Maebara, Keiichi","Houjou, Satoko","Takano, Miyo","Ooishi, Kuraudo","Houjou, Satoshi","Akasaka, Mamoru"
119,"de Blois, Victorique","Kujou, Kazuya","Gallo, Cordelia","Roscoe, Brian","de Blois, Grevil","Lafitte, Cecile","Bradley, Avril",The Orphan,Leviathan,Ambrose
120,"Kirigiri, Kyouko",Monokuma,"Naegi, Makoto","Enoshima, Junko","Ludenberg, Celestia","Fukawa, Touko","Fujisaki, Chihiro","Togami, Byakuya","Ishimaru, Kiyotaka","Asahina, Aoi"
121,Howl,"Hatter, Sophie",Calcifer,Turnip Head,Heen,Markl,Witch of the Waste,Suliman,"Lamperouge, Lelouch","Lawliet, L"
122,"Okabe, Rintarou","Makise, Kurisu","Shiina, Mayuri","Hashida, Itaru","Amane, Suzuha","Urushibara, Ruka","Akiha, Rumiho","Kiryuu, Moeka","Tennouji, Yuugo","Tennouji, Nae"
123,"Otonashi, Kyoko","Godai, Yuusaku",Yotsuya,"Roppongi, Akemi","Ichinose, Hanae","Ichinose, Kentarou","Nanao, Kozue",Souichirou,"Mitaka, Shun","Yagami, Ibuki"
124,"Stanfield, Claire","Dian, Isaac","Harvent, Miria","Russo, Ladd","Prochainezo, Firo","Splot, Jacuzzi","Laforet, Chane","Gandor, Luck",Ennis,"Lamperouge, Lelouch"
125,"Antoinette, Marie","Fersen, Hans Axel von","Lamperouge, Lelouch","Lawliet, L","Monkey D., Luffy","Elric, Edward","Yagami, Light",,,
126,"Matsutani, Shuuzou","Ringwalt, Sara",Nabuca,Hamdo,Boo,Sis,Soon,Abelia,Kazam,"Lamperouge, Lelouch"
127,"von Lohengramm, Reinhard","von Reuenthal, Oskar","von Oberstein, Paul","Kircheis, Siegfried","Mittermeyer, Wolfgang","von Sch&amp;ouml;nkopf, Walter","Minci, Julian","Attenborough, Dusty","von Mariendorf, Hildegard","Lamperouge, Lelouch"
128,"Kaga, Rin","Kawachi, Daikichi","Nitani, Kouki","Nitani, Yukari","Yoshii, Masako","Kawachi, Kazumi","Kaga, Souichi","Kawachi, Kenji","Lamperouge, Lelouch","Lawliet, L"
129,"Yonsa, Balsa",Chagum,Tanda,Torogai,"Musa, Jiguro",Saya,Shuga,Touya,Sagum,Jin
130,"Hoshino, Hachirouta","Tanabe, Ai","Carmichael, Fee","Mihalkov, Yuri",Nono,"Locksmith, Werner","Rivera, Edelgard","Rondo, Claire","Hoshino, Gorou","Gangaragash, Gigalt"
131,"Tylor, Justy Ueki","Yamamoto, Makoto","Star, Yuriko","Goza, Azalyn",Jason,"Dom, Ru Baraba","Kitaguchi, Hidezaburo",Noriko,"Katori, Harold","Hanner, Robert J."
132,"Lupin III, Arsene","Jigen, Daisuke","Mine, Fujiko","Ishikawa XIII, Goemon","Zenigata, Kouichi",Lupin II,Mr. Gold,Lisa,Gantetsu,Pycal
133,"Saeba, Ryou","Makimura, Kaori","Nogami, Saeko","Ijuuin, Hayato","Makimura, Hideyuki",Ginji,"Azuki, Yuuko",Torakichi,Takuya,"Himuro, Maki"
134,"Kusanagi, Motoko",Batou,Togusa,"Aramaki, Daisuke",Tachikoma,The Laughing Man,Saito,Ishikawa,Aoi,Pazu
135,"Yabuki, Joe","Rikiishi, Tooru","Tange, Danpei","Rivera, Carlos","Shiraki, Yoko","Nishi, Kan&#039;ichi","Gondo, Goromaki",Tonkichi,Sachi,"Hayashi, Noriko"
136,"Urameshi, Yuusuke",Hiei,Kurama,"Kuwabara, Kazuma",Botan,"Toguro, Younger","Sensui, Shinobu",Genkai,Jin,Koenma
137,"Saotome, Ranma","Tendou, Akane","Hibiki, Ryouga",Shampoo,"Kuonji, Ukyo","Tendou, Nabiki",Happosai,"Saotome, Genma","Kuno, Tatewaki","Tendou, Kasumi"
138,"Heat, Brandon","MacDowel, Harry","Kugashira, Bunji","Walken, Bear",Big Daddy,"Poundmax, Bob","Lee, Balladbird","Asagi, Maria","Tino, Alzac","Carabel, Ladd"
139,Clare,Raki,Teresa,Miria,Galatea,Irene,Ophelia,Riful,Jean,Helen
140,Alucard,"Victoria, Seras","Fairbrook Wingates Hellsing, Integra","Anderson, Alexander","Dornez, Walter C.","Bernadotte, Pip",Major,"Van Winkle, Rip",Shousa,"Lamperouge, Lelouch"
141,"Ayukawa, Madoka","Kasuga, Kyousuke","Hiyama, Hikaru","Kasuga, Kurumi",Jingoro,"Kasuga, Manami",Master,"Komatsu, Seiji","Hino, Yuusaku",Ushiko
142,"Gasai, Yuno","Amano, Yukiteru","Uryuu, Minene","Akise, Aru","Hirasaka, Yomotsu",Deus Ex Machina,"Kasugano, Tsubaki",Mur Mur,"Houjou, Reisuke","Ikusaba, Marco"
143,Eureka,"Thurston, Renton","Novak, Holland","Yuuki, Talho",Anemone,"Sorel, Dominic","Beams, Charles",Moondoggie,"Beams, Ray",Stoner
144,"Yasuri, Shichika",Togame,"Yasuri, Nanami",Hitei,"Souda, Emonzaemon","Higaki, Rinne","Maniwa, Houou","Tsuruga, Meisai","Maniwa, Pengin","Kiguchi, Zanki"
145,"Arima, Ahiru",Fakir,"Kuroha, Rue",Myuuto,Drosselmeyer,Uzura,Edel,Lilie,Femio,"Lamperouge, Lelouch"
146,"Hakubi, Ryouko","Hakubi, Washuu","Masaki, Tenchi","Masaki, Sasami Jurai","Masaki, Aeka Jurai","Kuramitsu, Mihoshi","Makibi, Kiyone","Masaki, Katsuhito","Masaki, Nobuyuki","Lamperouge, Lelouch"
147,Holo,"Lawrence, Kraft","Arendt, Norah",Chloe,"Liechten, Marhait",Zheren,"Liebert, Marten",Weiss,"Remerio, Hans","Tarantino, Jacob"
148,"Hayase, Misa","Lynn, Minmay","Ichijou, Hikaru","Focker, Roy","Jenius, Maximilian","Fallyna, Milia","Global, Bruno J.","Milliome, Shammy","LaSalle, Claudia","Kridanik, Vrlitwhai"
149,"Tenjou, Utena","Himemiya, Anthy","Arisugawa, Juri","Kiryuu, Nanami","Kiryuu, Touga","Ootori, Akio","Kaoru, Miki","Mikage, Souji",Chuchu,"Saionji, Kyouichi"
150,"Natsume, Takashi",Madara,"Natsume, Reiko","Tanuma, Kaname",Kogitsune,"Natori, Shuuichi",Hinoe,Hiiragi,"Fujiwara, Touko",Tsubame
151,"Nakajima, Youko",Keiki,Rakushun,Enki,Shouryuu,Taiki,Shoukei,Shushou,"Haku, Sanshi",Aozaru
152,Kaiba,Neiro,Popo,Chroniko,Vanilla,Quilt,Patch,Cheki,Kichi,"Lamperouge, Lelouch"
153,"Fanel, Van","Kanzaki, Hitomi","Albatou, Dilandau","Fanel, Folken","Schezar, Allen",Merle,"Fassa, Dryden",Naria,Eriya,"Sara Aston, Millerna"
154,"Kohinata, Nanoka","Saeki, Koushirou","Chidori, Kaname","Anzai, Futaba","Tamaki, Ouko","Miyauchi, Kazuya","Anzai, Wakaba","Kohinata, Makie","Akimoto, Shoko","Saeki, Zenzo"
155,"Ryuuguu, Rena","Furude, Rika","Sonozaki, Shion","Sonozaki, Mion","Maebara, Keiichi","Houjou, Satoko","Takano, Miyo","Ooishi, Kuraudo","Houjou, Satoshi","Akasaka, Mamoru"
156,Pino,"Law, Vincent",Ergo Proxy,Iggy,"Creed, Raul","Yumeno, Daedalus","One, Proxy","Proxy, Monad","Proxy, Kazkis","Lamperouge, Lelouch"
157,"Aznable, Char","Ray, Amuro","Noa, Bright",Haro,"Ral, Ramba","Mass, Sayla","Zabi, Mineva Lao","Shiden, Kai","Zabi, Garma","Sune, Lalah"
158,Conan,Lana,Jimsy,Dyce,Monsley,Lepka,Meizal,Talcoth,Tera,Gutch
159,The Count of Monte Cristo,"d&#039;Epinay, Franz","de Morcerf, Albert",Gankutsuou,Peppo,"Cavalcanti, Andrea","Bertuccio, Giovanni","Morcerf, Fernand","Lamperouge, Lelouch","Lawliet, L"
160,"Satou, Tatsuhiro","Nakahara, Misaki","Yamazaki, Kaoru",Purin,"Kashiwa, Hitomi",NHK Agents,"Kobayashi, Megumi","Jougasaki, Akira","Kusano, Yuu","Satou, Shizue"
161,Vitalis,Mattia,Mrs. Milligan,Bob,Capi,"Acquin, Lise","Milligan, Arthur","Acquin, Benjamin","Lamperouge, Lelouch","Lawliet, L"
162,"Inverse, Lina","Graywords, Zelgadis","Gabriev, Gourry","Saillune, Amelia Wil Tesla","Nels Laada, Sylphiel",Rezo,Noonsa,Zangulus,"El Di Saillune, Philionel",Vrumugun
163,"Suou, Tamaki","Fujioka, Haruhi","Hitachiin, Hikaru","Hitachiin, Kaoru","Ootori, Kyouya","Haninozuka, Mitsukuni","Morinozuka, Takashi","Nekozawa, Umehito","Houshakuji, Renge","Kasanoda, Ritsu"
164,"Valjean, Jean",Cosette,Javert,"Th&amp;eacute;nardier, &amp;Eacute;ponine",Gavroche,"Pontmercy, Marius",Enjolras,Combeferre,Alan,Courfeyrac
165,"Malandro, Michiko","Morenos, Hana","Jackson, Atsuko","Batista, Satoshi","Ozzetti, Rita","Lee, Vanessa","Rodriguez, Shinsuke",Gonzalez,Marco,"Lamperouge, Lelouch"
166,"Martini, Alfredo",Romeo,Nikita,"Montovani, Angeletta",Giovanni,Casella,Dante,"Martini, Bianca",Pietro,"Rossi, Marchelo"
167,Kusuriuri,Man in Fox Mask,Kayo,Umizatou,Shino,Ochou,"Yanagi, Genyousai","Muromachi, Tomoyoshi","Oosawa, Roubou","Lamperouge, Lelouch"
168,Zwei,Ein,"Devens, Cal","McCunnen, Claudia","Garland, Lizzie","von Giuseppe, Helmut","McGuire, Raymond","Fujieda, Mio","Kubota, Sanae","Inada, Hirono"
169,"Sakuragi, Rokurouta","Minakami, Mario","Maeda, Noboru","Yokosuka, Jou","Nomoto, Ryuuji","Tooyama, Tadayoshi","Matsuura, Mansaku",Ishihara,"Koike, Setsuko","Yokosuka, Megumi"
170,Mendoza,Esteban,Zia,Tao,Menator,Picchu,Pedro,Pasha,Myuca,Kraka
171,"Itoshiki, Nozomu","Fuura, Kafuka","Kitsu, Chiri","Komori, Kiri","Tsunetsuki, Matoi","Hitou, Nami","Fujiyoshi, Harumi","Otonashi, Meru","Sekiutsu, Tarou","Itoshiki, Rin"
172,"Shirley, Anne","Cuthbert, Matthew","Cuthbert, Marilla","Blythe, Gilbert","Barry, Diana","Andrews, Minnie","Pye, Gertie","Sloane, Charlie","Pye, Josie","Allan, Minister"
173,Captain Herlock,Miime,Yama,Ezra,"Yuki, Kei",Yattaran,Nami,Narrator,"Lamperouge, Lelouch","Lawliet, L"
174,"Uesugi, Tatsuya","Asakura, Minami","Uesugi, Kazuya","Harada, Shouhei","Kashiwaba, Eijirou",Punch,"Nitta, Yuka","Nishimura, Isami",Kusaka,"Matsudaira, Koutarou"
175,Chii,"Motosuwa, Hideki",Sumomo,Freya,Kotoko,Yuzuki,"Kokubunji, Minoru",Atashi dake no Hito,"Shinbo, Hiromu",Zima
176,"Silver, John","Hawkins, Jim","Gray, Abraham",Pew,Anderson,Dr. Livesey,George,Lily,Redruth,Abraham
177,Lum,"Moroboshi, Ataru","Mendo, Shutaro","Miyake, Shinobu","Fujinami, Ryuunosuke",Ran,Sakura,Sakuranbou,Satoshi,Ten
178,Kiba,Toboe,Tsume,Hige,Cheza,Blue,Lord Darcia the Third,"Yaiden, Quent","Lebowski, Hubb",Jagara
179,Kenshirou,Raou,Rei,Toki,Jagi,Souther,Bat,Juuza,Shuu,Shin
180,"Amakusa, Shino","Hagimura, Suzu","Tsuda, Takatoshi","Shichijou, Aria","Hata, Ranko","Mitsuba, Mutsumi","Yokoshima, Naruko","Tsuda, Kotomi","Dejima, Sayaka","Igarashi, Kaede"
181,"Shindou, Chihiro","Miyamura, Miyako","Asou, Renji","Hirono, Hiro","Shindou, Kei","Amamiya, Yuuko","Himura, Yuu","Kuze, Shuuichi","Hayama, Mizuki","Tsutsumi, Kyosuke"
182,Reki,Rakka,Kuu,Kana,Nemu,Hikari,The Communicator,Kuramori,Hyouko,Midori
183,"Naegino, Sora","Hamilton, Layla",Fool,"Oswald, Leon","Passel, Rosetta","Wong, May","Killian, Yuri",Jonathan,"Oswald, Sophie","Heart, Anna"
184,Haji,"Otonashi, Saya","Miyagusuku, Kai",Diva,"Goldsmith, Solomon",Moses,"Miyagusuku, Riku","Mahler, Nathan",David,"Lamperouge, Lelouch"
185,"Ooe, Kintarou",Madame President,"Terayama, Reiko","Hayami, Ayuko","Katsuda, Naoko",Chie,Employee E,Employee A,Noriko&#039;s Father,Animation Checker
186,"Joestar, Joseph","Brando, Dio","Joestar, Jonathan","Speedwagon, Robert E. O.","Zeppeli, Caesar Anthonio","Lisa, Lisa","Zeppeli, Will A.","von Stroheim, Rudol",Wamuu,Kars
187,"Suzumiya, Haruhi",Kyon,"Nagato, Yuki","Asahina, Mikuru","Koizumi, Itsuki",Tsuruya,"Asakura, Ryouko",Kyon&#039;s Sister,Shamisen,Okabe
188,"Noda, Megumi","Chiaki, Shinichi","Stresemann, Franz von","Kuroki, Yasunori","Mine, Ryuutarou","Okuyama, Masumi","Miki, Kiyora","Saku, Sakura","Etou, Kouzou","Auclair, Charles"
189,"Abriel, Lafiel","Linn, Jinto","Spoor, Beneej","Abriel, Dusanyu","Lexshue, Plakia",Narrator,Kyte,"Entryua, Rei","Lamperouge, Lelouch","Lawliet, L"
190,Ichise,Ran,"Yoshii, Kazuho","Oonishi, Keigo","Kamata, Eriko",Shinji,"Tooyama, Haruhiko",Kano,Haru,"Kimata, Motoharu"
191,Watashi,Akashi,Ozu,"Higuchi, Seitarou",Johnny,"Jougasaki, Masaki","Hanuki, Ryouko",Kaori,Fortune Teller,Aijima
